<?xml version="1.0"?>
<ruleset name="Latiosthinh">
	<description>The coding standard for PHP_CodeSniffer itself.</description>
	<exclude-pattern>*/Tests/*</exclude-pattern>

	<ruleset name="MyStandard">
		<description>PSR2 with tabs instead of spaces.</description>
		<arg name="tab-width" value="4"/>
		<rule ref="PSR2">
			<exclude name="Generic.WhiteSpace.DisallowTabIndent"/>
		</rule>
		<rule ref="Generic.WhiteSpace.DisallowSpaceIndent"/>
		<rule ref="Generic.WhiteSpace.ScopeIndent">
			<properties>
				<property name="indent" value="4"/>
				<property name="tabIndent" value="true"/>
			</properties>
		</rule>
	</ruleset>
</ruleset>
